Workbook

Sheet Characters
A1: Name | B1: Group | C1: MBTI | D1: Level | E1: XP
A2: PAULA | B2: ANALYST | C2: INTP | D2: 5 | E2: 200
A3: HIROMI | B3: ANALYST | C3: INTJ | D3: 5 | E3: 400
A4: MICA | B4: ANALYST | C4: ENTP | D4: 1 | E4: 0
A5: GILLIAN | B5: ANALYST | C5: ENTJ | D5: 1 | E5: 0
A6: HAYAMI | B6: EXPLORER | C6: ISTP | D6: 6 | E6: 250
A7: SHIINA | B7: EXPLORER | C7: ISFP | D7: 1 | E7: 0
A8: SHAYE | B8: EXPLORER | C8: ESTP | D8: 1 | E8: 0
A9: THERESA | B9: EXPLORER | C9: ESFP | D9: 1 | E9: 0
A10: CHIYO | B10: SENTINEL | C10: ISTJ | D10: 1 | E10: 0
A11: MAYUMI | B11: SENTINEL | C11: ISFJ | D11: 1 | E11: 0
A12: SHIZUKA | B12: SENTINEL | C12: ESTJ | D12: 1 | E12: 50
A13: LILY | B13: SENTINEL | C13: ESFJ | D13: 1 | E13: 0
... A17: HIMIKO | B17: DIPLOMAT | C17: ENFJ | D17: 1 | E17: 50

Sheet Stats
A1: Character | B1: HIROMI | C1: Progress | D1: =REPT("█", ROUND((B3/B4)*20, 0))&REPT("░", 20-ROUND((B3/B4)*20, 0)) -> ████████████████░░░░
A2: Level | B2: =VLOOKUP(B1, Characters!$A$2:$E$17, 4, FALSE) -> 5
A3: XP | B3: =VLOOKUP(B1, Characters!$A$2:$E$17, 5, FALSE) -> 400
A4: XP to next | B4: =B2*100 -> 500
A7: Stat | B7: Base | C7: Growth | D7: Current
A8: Power | B8: =VLOOKUP($B$1, StatDB!$A$1:$L$17, 2, FALSE) -> 80 | C8: =ROUND(B8*0.02, 1) -> 1.6 | D8: =ROUND(B8+(C8*($B$2-1)), 1) -> 86.4
A9: Visionary | B9: =VLOOKUP($B$1, StatDB!$A$1:$L$17, 3, FALSE) -> 95 | C9: =ROUND(B9*0.02, 1) -> 1.9 | D9: =ROUND(B9+(C9*($B$2-1)), 1) -> 102.6
A10: Resourcefulness | B10: =VLOOKUP($B$1, StatDB!$A$1:$L$17, 4, FALSE) -> 75 | C10: =ROUND(B10*0.02, 1) -> 1.5 | D10: =ROUND(B10+(C10*($B$2-1)), 1) -> 81
A11: Communication | B11: =VLOOKUP($B$1, StatDB!$A$1:$L$17, 5, FALSE) -> 40 | C11: =ROUND(B11*0.02, 1) -> 0.8 | D11: =ROUND(B11+(C11*($B$2-1)), 1) -> 43.2
A12: Extraversion | B12: =VLOOKUP($B$1, StatDB!$A$1:$L$17, 6, FALSE) -> 20 | C12: =ROUND(B12*0.02, 1) -> 0.4 | D12: =ROUND(B12+(C12*($B$2-1)), 1) -> 21.6
A13: Socialibility | B13: =VLOOKUP($B$1, StatDB!$A$1:$L$17, 7, FALSE) -> 20 | C13: =ROUND(B13*0.02, 1) -> 0.4 | D13: =ROUND(B13+(C13*($B$2-1)), 1) -> 21.6
A14: Empathy | B14: =VLOOKUP($B$1, StatDB!$A$1:$L$17, 8, FALSE) -> 25 | C14: =ROUND(B14*0.02, 1) -> 0.5 | D14: =ROUND(B14+(C14*($B$2-1)), 1) -> 27
A15: Self-Control | B15: =VLOOKUP($B$1, StatDB!$A$1:$L$17, 9, FALSE) -> 85 | C15: =ROUND(B15*0.02, 1) -> 1.7 | D15: =ROUND(B15+(C15*($B$2-1)), 1) -> 91.8
A16: Conscientiousness | B16: =VLOOKUP($B$1, StatDB!$A$1:$L$17, 10, FALSE) -> 80 | C16: =ROUND(B16*0.02, 1) -> 1.6 | D16: =ROUND(B16+(C16*($B$2-1)), 1) -> 86.4
A17: Rationality | B17: =VLOOKUP($B$1, StatDB!$A$1:$L$17, 11, FALSE) -> 93 | C17: =ROUND(B17*0.02, 1) -> 1.9 | D17: =ROUND(B17+(C17*($B$2-1)), 1) -> 100.6
A18: Assurance | B18: =VLOOKUP($B$1, StatDB!$A$1:$L$17, 12, FALSE) -> 65 | C18: =ROUND(B18*0.02, 1) -> 1.3 | D18: =ROUND(B18+(C18*($B$2-1)), 1) -> 70.2

Sheet StatDB
A1: NAME | B1: Power | C1: Visionary | D1: Resourcefulness | E1: Communication | F1: Extraversion | G1: Socialibility | H1: Empathy | I1: Self-Control | J1: Conscientiousness | K1: Rationality | L1: Assurance
A2: PAULA | B2: 75 | C2: 90 | D2: 80 | E2: 45 | F2: 20 | G2: 25 | H2: 35 | I2: 60 | J2: 65 | K2: 110 | L2: 50
A3: HIROMI | B3: 80 | C3: 95 | D3: 75 | E3: 40 | F3: 20 | G3: 20 | H3: 25 | I3: 85 | J3: 80 | K3: 93 | L3: 65
A4: MICA | B4: 70 | C4: 85 | D4: 88 | E4: 80 | F4: 85 | G4: 75 | H4: 40 | I4: 35 | J4: 45 | K4: 85 | L4: 88
A5: GILLIAN | B5: 90 | C5: 80 | D5: 85 | E5: 75 | F5: 80 | G5: 60 | H5: 30 | I5: 55 | J5: 75 | K5: 88 | L5: 95
A6: HAYAMI | B6: 95 | C6: 70 | D6: 98 | E6: 55 | F6: 35 | G6: 35 | H6: 45 | I6: 65 | J6: 60 | K6: 80 | L6: 75
A7: SHIINA | B7: 70 | C7: 65 | D7: 78 | E7: 50 | F7: 25 | G7: 50 | H7: 80 | I7: 65 | J7: 70 | K7: 60 | L7: 45
A8: SHAYE | B8: 88 | C8: 50 | D8: 85 | E8: 65 | F8: 85 | G8: 70 | H8: 30 | I8: 30 | J8: 35 | K8: 60 | L8: 88
A9: THERESA | B9: 60 | C9: 45 | D9: 80 | E9: 75 | F9: 88 | G9: 90 | H9: 75 | I9: 40 | J9: 45 | K9: 45 | L9: 70
A10: CHIYO | B10: 78 | C10: 85 | D10: 70 | E10: 45 | F10: 25 | G10: 40 | H10: 50 | I10: 88 | J10: 90 | K10: 75 | L10: 60
A11: MAYUMI | B11: 75 | C11: 60 | D11: 72 | E11: 50 | F11: 20 | G11: 55 | H11: 90 | I11: 80 | J11: 85 | K11: 65 | L11: 40
A12: SHIZUKA | B12: 92 | C12: 65 | D12: 80 | E12: 70 | F12: 80 | G12: 65 | H12: 25 | I12: 50 | J12: 70 | K12: 78 | L12: 95
A13: LILY | B13: 55 | C13: 50 | D13: 70 | E13: 88 | F13: 88 | G13: 95 | H13: 88 | I13: 45 | J13: 65 | K13: 50 | L13: 70
... A17: HIMIKO | B17: 65 | C17: 78 | D17: 70 | E17: 88 | F17: 88 | G17: 90 | H17: 85 | I17: 55 | J17: 65 | K17: 60 | L17: 80

Sheet Skill Tree
A1: Character | B1: =Stats!B1 -> HIROMI
A2: Level | B2: =Stats!B2 -> 5
A4: Skill Name | B4: Type | C4: Unlock Level | D4: Status | E4: Description
A5: {=_xlfn._xlws.FILTER(SkillDB!$B$2:$B$193, SkillDB!$A$2:$A193=B1, "")} -> System Architect | B5: {=_xlfn._xlws.FILTER(SkillDB!$C$2:$C$193, SkillDB!$A$2:$A$193=B1, "")} -> Passive | C5: {=_xlfn._xlws.FILTER(SkillDB!$D$2:$D$193, SkillDB!$A$2:$A$193=B1, "")} -> 1 | D5: =IF($B$2>=C5, "✅ UNLOCKED", IF($B$2>=C5-10,"🔒 ALMOST","❌ LOCKED")) -> ✅ UNLOCKED | E5: {=_xlfn._xlws.FILTER(SkillDB!$E$2:$E$193, SkillDB!$A$2:$A$193=B1, "")} -> Build unbreakable mental models
A6: Gravity Rend I | B6: Combat | C6: 5 | D6: =IF($B$2>=C6, "✅ UNLOCKED", IF($B$2>=C6-10,"🔒 ALMOST","❌ LOCKED")) -> ✅ UNLOCKED | E6: Basic gravitational fracture
A7: Blueprint Mind | B7: Passive | C7: 10 | D7: =IF($B$2>=C7, "✅ UNLOCKED", IF($B$2>=C7-10,"🔒 ALMOST","❌ LOCKED")) -> 🔒 ALMOST | E7: Long term planning mastery
A8: Cold Skeptic | B8: Passive | C8: 15 | D8: =IF($B$2>=C8, "✅ UNLOCKED", IF($B$2>=C8-10,"🔒 ALMOST","❌ LOCKED")) -> 🔒 ALMOST | E8: Resist manipulation attempts
A9: Gravity Rend II | B9: Combat | C9: 20 | D9: =IF($B$2>=C9, "✅ UNLOCKED", IF($B$2>=C9-10,"🔒 ALMOST","❌ LOCKED")) -> ❌ LOCKED | E9: Compressed sphere of gravity
A10: Inevitable Design | B10: Passive | C10: 25 | D10: =IF($B$2>=C10, "✅ UNLOCKED", IF($B$2>=C10-10,"🔒 ALMOST","❌ LOCKED")) -> ❌ LOCKED | E10: Plans execute with 20% more force
A11: Implosion Field | B11: Combat | C11: 35 | D11: =IF($B$2>=C11, "✅ UNLOCKED", IF($B$2>=C11-10,"🔒 ALMOST","❌ LOCKED")) -> ❌ LOCKED | E11: Structures collapse inward
A12: Engineered Fate | B12: Passive | C12: 45 | D12: =IF($B$2>=C12, "✅ UNLOCKED", IF($B$2>=C12-10,"🔒 ALMOST","❌ LOCKED")) -> ❌ LOCKED | E12: Predict enemy strategy perfectly
A13: Gravity Rend III | B13: Combat | C13: 60 | D13: =IF($B$2>=C13, "✅ UNLOCKED", IF($B$2>=C13-10,"🔒 ALMOST","❌ LOCKED")) -> ❌ LOCKED | E13: Gravity spike detonation
A14: Silent Collapse | B14: Passive | C14: 75 | D14: =IF($B$2>=C14, "✅ UNLOCKED", IF($B$2>=C14-10,"🔒 ALMOST","❌ LOCKED")) -> ❌ LOCKED | E14: Move without detection
A15: Singularity Pull | B15: Ultimate | C15: 80 | D15: =IF($B$2>=C15, "✅ UNLOCKED", IF($B$2>=C15-10,"🔒 ALMOST","❌ LOCKED")) -> ❌ LOCKED | E15: Collapse everything in radius
A16: Event Horizon | B16: Ultimate | C16: 100 | D16: =IF($B$2>=C16, "✅ UNLOCKED", IF($B$2>=C16-10,"🔒 ALMOST","❌ LOCKED")) -> ❌ LOCKED | E16: Gravitational annihilation field
A18: Total Skills: | B18: =COUNTA(A5:A16) -> 12 | C18: Progress | D18: =REPT("█",ROUND(COUNTIF(D5:D16,"*UNLOCKED*")/COUNTA(A5:A16)*20,0))&REPT("░",20-ROUND(COUNTIF(D5:D16,"*UNLOCKED*")/COUNTA(A5:A16)*20,0)) -> ███░░░░░░░░░░░░░░░░░
A19: Unlocked: | B19: =COUNTIF(D5:D16, "*✅ UNLOCKED*") -> 2
A20: Locked: | B20: =COUNTIF(D5:D16, "*❌ LOCKED*") -> 8
A21: Completion: | B21: =COUNTIF(D5:D16,"*✅ UNLOCKED*")/COUNTA(D5:D16) -> 0.16666667

Sheet Log
A1: Timestamp | B1: Character | C1: Level | D1: Event
A2: 46093.509 | B2: PAULA | C2: 1 | D2: XP Gained
A3: 46093.509 | B3: HAYAMI | C3: 1 | D3: XP Gained
A4: 46093.509 | B4: HAYAMI | C4: 2 | D4: LEVELED UP!
A5: 46093.512 | B5: HAYAMI | C5: 2 | D5: XP Gained
A6: 46093.512 | B6: HAYAMI | C6: 2 | D6: XP Gained
A7: 46093.512 | B7: HAYAMI | C7: 2 | D7: XP Gained
A8: 46093.512 | B8: HAYAMI | C8: 3 | D8: LEVELED UP!
A9: 46093.513 | B9: HAYAMI | C9: 3 | D9: XP Gained
A10: 46093.513 | B10: HAYAMI | C10: 3 | D10: XP Gained
A11: 46093.513 | B11: HAYAMI | C11: 3 | D11: XP Gained
A12: 46093.513 | B12: HAYAMI | C12: 3 | D12: XP Gained
A13: 46093.513 | B13: HAYAMI | C13: 3 | D13: XP Gained
... A40: 46093.567 | B40: HIROMI | C40: 5 | D40: XP Gained

Sheet SkillDB
A1: Character | B1: SKILL NAME | C1: TYPE | D1: UNLOCK LEVEL | E1: DESCRIPTION
A2: Paula | B2: Analytical Eye | C2: Passive | D2: 1 | E2: Observe patterns others miss
A3: Paula | B3: Fracture Surge I | C3: Combat | D3: 5 | E3: Basic internal rupture strike
A4: Paula | B4: Theory Mastery | C4: Passive | D4: 10 | E4: Abstract thinking accelerates
A5: Paula | B5: Cold Logic | C5: Passive | D5: 15 | E5: Emotional disruption resistance
A6: Paula | B6: Fracture Surge II | C6: Combat | D6: 20 | E6: Delayed secondary fracture added
A7: Paula | B7: Pattern Recognition | C7: Passive | D7: 25 | E7: Predict opponent movements
A8: Paula | B8: Internal Collapse | C8: Combat | D8: 35 | E8: Full structural dismantling strike
A9: Paula | B9: Detachment Field | C9: Passive | D9: 45 | E9: Immune to psychological attacks
A10: Paula | B10: Fracture Surge III | C10: Combat | D10: 60 | E10: Triple fracture detonation
A11: Paula | B11: Void Theorem | C11: Passive | D11: 75 | E11: All stats amplified by logic
A12: Paula | B12: Dimensional Deconstruct | C12: Ultimate | D12: 80 | E12: Deconstruct reality around target
A13: Paula | B13: Omniscient Theorem | C13: Ultimate | D13: 100 | E13: Perfect prediction of all outcomes
... A193: Himiko | B193: World Leader | C193: Ultimate | D193: 100 | E193: Inspire or suppress any living being

Sheet Battle
B1: Character 1 | D1: Character 2 | F1: Group | G1: Strong Against
A2: Name | B2: PAULA | D2: HIROMI | F2: Analyst | G2: Diplomat
A3: Group | B3: =VLOOKUP(B2,Characters!$A$2:$E$17, 2, FALSE) -> ANALYST | D3: =VLOOKUP(D2,Characters!$A$2:$E$17, 2, FALSE) -> ANALYST | F3: Explorer | G3: Sentinel
A4: Level | B4: =VLOOKUP(B2,Characters!$A$2:$E$17, 4, FALSE) -> 5 | D4: =VLOOKUP(D2,Characters!$A$2:$E$17, 4, FALSE) -> 5 | F4: Sentinel | G4: Analyst
A5: HP | B5: =ROUND((B4 * 10) + (VLOOKUP(B2, StatDB!$A$2:$L$17, 9, FALSE) * 2), 0) -> 170 | D5: =ROUND((D4 * 10) + (VLOOKUP(D2, StatDB!$A$2:$L$17, 9, FALSE) * 2), 0) -> 220 | F5: Diplomat | G5: Explorer
A6: Power | B6: =VLOOKUP(B2, StatDB!$A$2:$L$17, 2, FALSE) -> 75 | D6: =VLOOKUP(D2, StatDB!$A$2:$L$17, 2, FALSE) -> 80
A7: Rationality | B7: =VLOOKUP(B2, StatDB!$A$2:$L$17, 11, FALSE) -> 110 | D7: =VLOOKUP(D2, StatDB!$A$2:$L$17, 11, FALSE) -> 93
A10: Battle Log
A11: Round | B11: Event
A12: ROUND | B12: ATTACKER | C12: EVENT | D12: DAMAGE | E12: HP REMAINING
A13: 1 | B13: PAULA | C13: attacks | D13: 42.6 | E13: HIROMI HP: 177
A14: 1 | B14: HIROMI | C14: attacks | D14: 40.3 | E14: PAULA HP: 130
A15: 2 | B15: PAULA | C15: attacks | D15: 32.5 | E15: HIROMI HP: 145
A16: 2 | B16: HIROMI | C16: attacks | D16: 39.6 | E16: PAULA HP: 90
A17: 3 | B17: PAULA | C17: attacks | D17: 38.9 | E17: HIROMI HP: 106
A18: 3 | B18: HIROMI | C18: attacks | D18: 37.2 | E18: PAULA HP: 53
A19: 4 | B19: PAULA | C19: attacks | D19: 41.2 | E19: HIROMI HP: 65
A20: 4 | B20: HIROMI | C20: attacks [DESPERATE POWER] | D20: 53.43 | E20: PAULA HP: 0
A22: ?? WINNER: HIROMI

Sheet BattleDB
A1: Timestamp | B1: Character 1 | C1: Character 2 | D1: Winner | E1: Rounds
A2: 46093.532 | B2: PAULA | C2: HIROMI | D2: PAULA | E2: 6
A3: 46093.533 | B3: PAULA | C3: HAYAMI | D3: HAYAMI | E3: 4
A4: 46093.533 | B4: HIROMI | C4: HAYAMI | D4: HAYAMI | E4: 3
A5: 46093.534 | B5: HIMIKO | C5: HAYAMI | D5: HAYAMI | E5: 4
A6: 46093.534 | B6: SHIZUKA | C6: HAYAMI | D6: HAYAMI | E6: 2
A7: 46093.534 | B7: PAULA | C7: HAYAMI | D7: HAYAMI | E7: 3
A8: 46093.57 | B8: PAULA | C8: HIROMI | D8: PAULA | E8: 5
A9: 46093.571 | B9: PAULA | C9: HIROMI | D9: HIROMI | E9: 4

Sheet EventDB
A1: Event ID | B1: Character | C1: Event Name | D1: Condition | E1: Description | F1: Choice 1 | G1: Choice 1 Outcome | H1: Choice 2 | I1: Choice 2 Outcome | J1: Choice 3 | K1: Choice 3 Outcome
A2: E001 | B2: PAULA | C2: The Unfinished Theory | D2: Level>=5 | E2: Paula discovers a flaw in her own theoretical framework. Does she publish anyway or rebuild from scratch? | F2: Publish immediately | G2: +10 Assurance -10 Rationality | H2: Rebuild from scratch | I2: +15 Rationality -5 Assurance | J2: Abandon the theory | K2: -10 Visionary +5 Self-Control
A3: E002 | B3: PAULA | C3: The Observer Observed | D3: Level>=10 | E3: Someone has been studying Paula the way she studies others. She realizes too late. | F3: Confront them directly | G3: +10 Assurance -10 Self-Control | H3: Observe them in return | I3: +15 Rationality +5 Visionary | J3: Retreat and recalculate | K3: -5 Assurance +10 Self-Control
A4: E003 | B4: PAULA | C4: Fracture Point | D4: Level>=20 | E4: Paula's power spirals out of control during a high-stakes moment. Everything around her begins to crack. | F4: Push through the pain | G4: +20 Power -15 Self-Control | H4: Shut it down immediately | I4: -10 Power +20 Self-Control | J4: Let it consume her | K4: +30 Power -20 Empathy -10 Self-Control
A5: E004 | B5: PAULA | C5: The Cold Equation | D5: Level>=35 | E5: Paula must choose between saving one person she knows or five strangers. Pure logic gives one answer. | F5: Save the one | G5: +10 Empathy -15 Rationality | H5: Save the five | I5: +15 Rationality -10 Empathy | J5: Find a third option | K5: +20 Visionary -10 Power
A6: E005 | B6: PAULA | C6: Omniscience Threshold | D6: Level>=50 | E6: Paula realizes she has predicted every outcome correctly for 30 days. The weight of knowing everything is breaking her. | F6: Embrace the burden | G6: +20 Rationality +10 Visionary -15 Empathy | H6: Share the knowledge | I6: +15 Empathy -10 Rationality | J6: Deliberately make a wrong choice | K6: +20 Self-Control -10 Rationality
A7: E006 | B7: HIROMI | C7: The Blueprint Error | D7: Level>=5 | E7: Hiromi discovers a fundamental mistake in a plan she was certain was perfect. | F7: Admit the error openly | G7: +10 Empathy -10 Assurance | H7: Fix it silently | I7: -5 Rationality +15 Self-Control | J7: Blame external factors | K7: -15 Rationality +10 Assurance
A8: E007 | B8: HIROMI | C8: Gravity of Doubt | D8: Level>=10 | E8: Hiromi's gravity power activates involuntarily during a moment of emotional instability. | F8: Study the anomaly | G8: +15 Rationality +5 Visionary | H8: Suppress it forcibly | I8: -10 Power +15 Self-Control | J8: Let it play out | K8: +20 Power -15 Self-Control
A9: E008 | B9: HIROMI | C9: The Architect's Dilemma | D9: Level>=25 | E9: Hiromi is given the chance to redesign a broken system from scratch but must destroy the old one first. | F9: Destroy and rebuild | G9: +20 Visionary +10 Power -10 Empathy | H9: Repair incrementally | I9: -10 Visionary +15 Rationality | J9: Walk away entirely | K9: +10 Self-Control -15 Visionary
A10: E009 | B10: HIROMI | C10: Cold Singularity | D10: Level>=40 | E10: Hiromi realizes her emotional detachment has become total. She feels nothing. Not even satisfaction. | F10: Seek connection deliberately | G10: +20 Empathy -10 Rationality | H10: Accept the emptiness | I10: +15 Self-Control +10 Rationality -15 Empathy | J10: Channel it into power | K10: +20 Power -20 Empathy
A11: E010 | B11: HIROMI | C11: Event Horizon | D11: Level>=60 | E11: Hiromi's gravity power reaches a threshold that could collapse everything within a mile radius. | F11: Release controlled burst | G11: +25 Power -20 Self-Control | H11: Hold it back completely | I11: -15 Power +25 Self-Control | J11: Redirect it outward | K11: +20 Power +10 Rationality -20 Empathy
A12: E011 | B12: MICA | C12: The Debate She Lost | D12: Level>=5 | E12: For the first time Mica loses an argument. Not on points. On truth. | F12: Accept the loss gracefully | G12: +15 Empathy -10 Assurance | H12: Demand a rematch | I12: -10 Rationality +15 Assurance | J12: Study why she lost | K12: +20 Rationality +5 Visionary
... A59: E058 | B59: HIMIKO | C59: World Leader | D59: Level>=65 | E59: Himiko is asked to lead not a group but an entire nation through a crisis. | F59: Accept the responsibility | G59: +25 Assurance +20 Empathy -20 Self-Control | H59: Decline and find someone better | I59: -15 Assurance +25 Empathy +10 Rationality | J59: Accept with a council of equals | K59: +20 Empathy +15 Rationality +10 Assurance -15 Power

Sheet EventLog
A1: Timepstamp | B1: Character | C1: Event | D1: Choice | E1: Outcome
A2: 46093.561 | B2: HIROMI | C2: The Blueprint Error | D2: Choice 2 | E2: -5 Rationality +15 Self-Control
A3: 46093.562 | B3: PAULA | C3: The Unfinished Theory | D3: Choice 2 | E3: +15 Rationality -5 Assurance

Sheet Events
A1: Character | B1: PAULA | G1: {=_xlfn._xlws.FILTER(EventDB!$C$2:$C$100, (EventDB!$B$2:$B$100=B1)*(IFERROR(VALUE(SUBSTITUTE(EventDB!$D$2:$D$100,"Level>=","")),999)<=B2), "")} -> The Unfinished Theory
A2: Level | B2: =VLOOKUP(B1, Characters!$A$2:$E$17, 4, FALSE) -> 5
A4: Availabe Events: | B4: The Unfinished Theory
A5: Event Name | B5: Description | C5: Choice 1 | D5: Choice 2 | E5: Choice 3
A6: {=_xlfn._xlws.FILTER(EventDB!$C$2:$C$100, (EventDB!$B$2:$B$100=B1) * (IFERROR(VALUE(SUBSTITUTE(SUBSTITUTE(EventDB!$D$2:$D$100,"Level>=",""),"Level>=","")),999)<=B2), "No events available!")} -> The Unfinished Theory | B6: {=_xlfn._xlws.FILTER(EventDB!$E$2:$E$100, (EventDB!$B$2:$B$100=B1) * (IFERROR(VALUE(SUBSTITUTE(SUBSTITUTE(EventDB!$D$2:$D$100,"Level>=",""),"Level>=","")),999)<=B2), "No events available!")} -> Paula discovers a flaw in her own theoretical framework. Does she publish anyway or rebuild from scratch? | C6: {=_xlfn._xlws.FILTER(EventDB!$F$2:$F$100, (EventDB!$B$2:$B$100=$B$1) * (IFERROR(VALUE(SUBSTITUTE(SUBSTITUTE(EventDB!$D$2:$D$100,"Level>=",""),"Level>=","")),999)<=$B$2), "No events available!")} -> Publish immediately | D6: {=_xlfn._xlws.FILTER(EventDB!$H$2:$H$100, (EventDB!$B$2:$B$100=$B$1) * (IFERROR(VALUE(SUBSTITUTE(SUBSTITUTE(EventDB!$D$2:$D$100,"Level>=",""),"Level>=","")),999)<=$B$2), "No events available!")} -> Rebuild from scratch | E6: {=_xlfn._xlws.FILTER(EventDB!$J$2:$J$100, (EventDB!$B$2:$B$100=$B$1) * (IFERROR(VALUE(SUBSTITUTE(SUBSTITUTE(EventDB!$D$2:$D$100,"Level>=",""),"Level>=","")),999)<=$B$2), "No events available!")} -> Abandon the theory
